"StateFIPS","State","CountyFIPS","County","Year","Value","Data Comment",
"04","Arizona","04001","Apache","2019","222","",
"04","Arizona","04003","Cochise","2019","457","",
"04","Arizona","04005","Coconino","2019","271","",
"04","Arizona","04007","Gila","2019","191","",
"04","Arizona","04009","Graham","2019","128","",
"04","Arizona","04011","Greenlee","2019","13","",
"04","Arizona","04012","La Paz","2019","44","",
"04","Arizona","04013","Maricopa","2019","17,043","",
"04","Arizona","04015","Mohave","2019","743","",
"04","Arizona","04017","Navajo","2019","238","",
"04","Arizona","04019","Pima","2019","3,082","",
"04","Arizona","04021","Pinal","2019","1,360","",
"04","Arizona","04023","Santa Cruz","2019","202","",
"04","Arizona","04025","Yavapai","2019","531","",
"04","Arizona","04027","Yuma","2019","700","",
"06","California","06001","Alameda","2019","7,436","",
"06","California","06003","Alpine","2019","Suppressed","",
"06","California","06005","Amador","2019","169","",
"06","California","06007","Butte","2019","751","",
"06","California","06009","Calaveras","2019","198","",
"06","California","06011","Colusa","2019","103","",
"06","California","06013","Contra Costa","2019","5,887","",
"06","California","06015","Del Norte","2019","117","",
"06","California","06017","El Dorado","2019","539","",
"06","California","06019","Fresno","2019","6,589","",
"06","California","06021","Glenn","2019","118","",
"06","California","06023","Humboldt","2019","612","",
"06","California","06025","Imperial","2019","1,195","",
"06","California","06027","Inyo","2019","92","",
"06","California","06029","Kern","2019","4,275","",
"06","California","06031","Kings","2019","747","",
"06","California","06033","Lake","2019","505","",
"06","California","06035","Lassen","2019","101","",
"06","California","06037","Los Angeles","2019","46,725","",
"06","California","06039","Madera","2019","779","",
"06","California","06041","Marin","2019","539","",
"06","California","06043","Mariposa","2019","62","",
"06","California","06045","Mendocino","2019","488","",
"06","California","06047","Merced","2019","1,687","",
"06","California","06049","Modoc","2019","67","",
"06","California","06051","Mono","2019","48","",
"06","California","06053","Monterey","2019","1,629","",
"06","California","06055","Napa","2019","495","",
"06","California","06057","Nevada","2019","218","",
"06","California","06059","Orange","2019","8,318","",
"06","California","06061","Placer","2019","1,036","",
"06","California","06063","Plumas","2019","86","",
"06","California","06065","Riverside","2019","9,235","",
"06","California","06067","Sacramento","2019","8,982","",
"06","California","06069","San Benito","2019","340","",
"06","California","06071","San Bernardino","2019","10,871","",
"06","California","06073","San Diego","2019","9,851","",
"06","California","06075","San Francisco","2019","2,669","",
"06","California","06077","San Joaquin","2019","4,371","",
"06","California","06079","San Luis Obispo","2019","762","",
"06","California","06081","San Mateo","2019","1,982","",
"06","California","06083","Santa Barbara","2019","1,227","",
"06","California","06085","Santa Clara","2019","4,649","",
"06","California","06087","Santa Cruz","2019","796","",
"06","California","06089","Shasta","2019","631","",
"06","California","06091","Sierra","2019","Suppressed","",
"06","California","06093","Siskiyou","2019","148","",
"06","California","06095","Solano","2019","2,986","",
"06","California","06097","Sonoma","2019","1,488","",
"06","California","06099","Stanislaus","2019","2,886","",
"06","California","06101","Sutter","2019","274","",
"06","California","06103","Tehama","2019","272","",
"06","California","06105","Trinity","2019","47","",
"06","California","06107","Tulare","2019","1,995","",
"06","California","06109","Tuolumne","2019","185","",
"06","California","06111","Ventura","2019","2,411","",
"06","California","06113","Yolo","2019","742","",
"06","California","06115","Yuba","2019","327","",
"08","Colorado","08001","Adams","2019","2,389","",
"08","Colorado","08003","Alamosa","2019","36","",
"08","Colorado","08005","Arapahoe","2019","2,410","",
"08","Colorado","08007","Archuleta","2019","42","",
"08","Colorado","08009","Baca","2019","Suppressed","",
"08","Colorado","08011","Bent","2019","24","",
"08","Colorado","08013","Boulder","2019","508","",
"08","Colorado","08014","Broomfield","2019","147","",
"08","Colorado","08015","Chaffee","2019","47","",
"08","Colorado","08017","Cheyenne","2019","7","",
"08","Colorado","08019","Clear Creek","2019","14","",
"08","Colorado","08021","Conejos","2019","32","",
"08","Colorado","08023","Costilla","2019","11","",
"08","Colorado","08025","Crowley","2019","11","",
"08","Colorado","08027","Custer","2019","Suppressed","",
"08","Colorado","08029","Delta","2019","49","",
"08","Colorado","08031","Denver","2019","2,872","",
"08","Colorado","08033","Dolores","2019","0","",
"08","Colorado","08035","Douglas","2019","464","",
"08","Colorado","08037","Eagle","2019","23","",
"08","Colorado","08041","El Paso","2019","1,968","",
"08","Colorado","08039","Elbert","2019","42","",
"08","Colorado","08043","Fremont","2019","113","",
"08","Colorado","08045","Garfield","2019","134","",
"08","Colorado","08047","Gilpin","2019","Suppressed","",
"08","Colorado","08049","Grand","2019","21","",
"08","Colorado","08051","Gunnison","2019","36","",
"08","Colorado","08053","Hinsdale","2019","0","",
"08","Colorado","08055","Huerfano","2019","23","",
"08","Colorado","08057","Jackson","2019","0","",
"08","Colorado","08059","Jefferson","2019","1,362","",
"08","Colorado","08061","Kiowa","2019","Suppressed","",
"08","Colorado","08063","Kit Carson","2019","9","",
"08","Colorado","08067","La Plata","2019","81","",
"08","Colorado","08065","Lake","2019","8","",
"08","Colorado","08069","Larimer","2019","705","",
"08","Colorado","08071","Las Animas","2019","95","",
"08","Colorado","08073","Lincoln","2019","14","",
"08","Colorado","08075","Logan","2019","87","",
"08","Colorado","08077","Mesa","2019","401","",
"08","Colorado","08079","Mineral","2019","Suppressed","",
"08","Colorado","08081","Moffat","2019","16","",
"08","Colorado","08083","Montezuma","2019","55","",
"08","Colorado","08085","Montrose","2019","100","",
"08","Colorado","08087","Morgan","2019","128","",
"08","Colorado","08089","Otero","2019","102","",
"08","Colorado","08091","Ouray","2019","Suppressed","",
"08","Colorado","08093","Park","2019","12","",
"08","Colorado","08095","Phillips","2019","12","",
"08","Colorado","08097","Pitkin","2019","19","",
"08","Colorado","08099","Prowers","2019","53","",
"08","Colorado","08101","Pueblo","2019","791","",
"08","Colorado","08103","Rio Blanco","2019","20","",
"08","Colorado","08105","Rio Grande","2019","40","",
"08","Colorado","08107","Routt","2019","29","",
"08","Colorado","08109","Saguache","2019","18","",
"08","Colorado","08111","San Juan","2019","0","",
"08","Colorado","08113","San Miguel","2019","Suppressed","",
"08","Colorado","08115","Sedgwick","2019","13","",
"08","Colorado","08117","Summit","2019","30","",
"08","Colorado","08119","Teller","2019","52","",
"08","Colorado","08121","Washington","2019","22","",
"08","Colorado","08123","Weld","2019","871","",
"08","Colorado","08125","Yuma","2019","22","",
"09","Connecticut","09001","Fairfield","2019","3,405","",
"09","Connecticut","09003","Hartford","2019","5,287","",
"09","Connecticut","09005","Litchfield","2019","447","",
"09","Connecticut","09007","Middlesex","2019","465","",
"09","Connecticut","09009","New Haven","2019","5,357","",
"09","Connecticut","09011","New London","2019","1,504","",
"09","Connecticut","09013","Tolland","2019","375","",
"09","Connecticut","09015","Windham","2019","603","",
"12","Florida","12001","Alachua","2019","1,328","",
"12","Florida","12003","Baker","2019","100","",
"12","Florida","12005","Bay","2019","695","",
"12","Florida","12007","Bradford","2019","151","",
"12","Florida","12009","Brevard","2019","1,993","",
"12","Florida","12011","Broward","2019","11,786","",
"12","Florida","12013","Calhoun","2019","44","",
"12","Florida","12015","Charlotte","2019","558","",
"12","Florida","12017","Citrus","2019","424","",
"12","Florida","12019","Clay","2019","1,088","",
"12","Florida","12021","Collier","2019","1,062","",
"12","Florida","12023","Columbia","2019","515","",
"12","Florida","12027","DeSoto","2019","125","",
"12","Florida","12029","Dixie","2019","40","",
"12","Florida","12031","Duval","2019","7,757","",
"12","Florida","12033","Escambia","2019","2,030","",
"12","Florida","12035","Flagler","2019","385","",
"12","Florida","12037","Franklin","2019","46","",
"12","Florida","12039","Gadsden","2019","493","",
"12","Florida","12041","Gilchrist","2019","47","",
"12","Florida","12043","Glades","2019","25","",
"12","Florida","12045","Gulf","2019","77","",
"12","Florida","12047","Hamilton","2019","85","",
"12","Florida","12049","Hardee","2019","128","",
"12","Florida","12051","Hendry","2019","252","",
"12","Florida","12053","Hernando","2019","691","",
"12","Florida","12055","Highlands","2019","626","",
"12","Florida","12057","Hillsborough","2019","8,363","",
"12","Florida","12059","Holmes","2019","57","",
"12","Florida","12061","Indian River","2019","532","",
"12","Florida","12063","Jackson","2019","230","",
"12","Florida","12065","Jefferson","2019","105","",
"12","Florida","12067","Lafayette","2019","21","",
"12","Florida","12069","Lake","2019","1,377","",
"12","Florida","12071","Lee","2019","2,368","",
"12","Florida","12073","Leon","2019","1,710","",
"12","Florida","12075","Levy","2019","160","",
"12","Florida","12077","Liberty","2019","37","",
"12","Florida","12079","Madison","2019","158","",
"12","Florida","12081","Manatee","2019","1,337","",
"12","Florida","12083","Marion","2019","2,345","",
"12","Florida","12085","Martin","2019","385","",
"12","Florida","12086","Miami-Dade","2019","13,246","",
"12","Florida","12087","Monroe","2019","203","",
"12","Florida","12089","Nassau","2019","275","",
"12","Florida","12091","Okaloosa","2019","1,047","",
"12","Florida","12093","Okeechobee","2019","261","",
"12","Florida","12095","Orange","2019","8,894","",
"12","Florida","12097","Osceola","2019","3,306","",
"12","Florida","12099","Palm Beach","2019","6,059","",
"12","Florida","12101","Pasco","2019","2,165","",
"12","Florida","12103","Pinellas","2019","4,390","",
"12","Florida","12105","Polk","2019","6,072","",
"12","Florida","12107","Putnam","2019","537","",
"12","Florida","12113","Santa Rosa","2019","565","",
"12","Florida","12115","Sarasota","2019","898","",
"12","Florida","12117","Seminole","2019","1,976","",
"12","Florida","12109","St. Johns","2019","500","",
"12","Florida","12111","St. Lucie","2019","1,650","",
"12","Florida","12119","Sumter","2019","220","",
"12","Florida","12121","Suwannee","2019","235","",
"12","Florida","12123","Taylor","2019","77","",
"12","Florida","12125","Union","2019","91","",
"12","Florida","12127","Volusia","2019","2,983","",
"12","Florida","12129","Wakulla","2019","100","",
"12","Florida","12131","Walton","2019","170","",
"12","Florida","12133","Washington","2019","88","",
"18","Indiana","18001","Adams","2019","70","",
"18","Indiana","18003","Allen","2019","1,225","",
"18","Indiana","18005","Bartholomew","2019","191","",
"18","Indiana","18007","Benton","2019","22","",
"18","Indiana","18009","Blackford","2019","49","",
"18","Indiana","18011","Boone","2019","145","",
"18","Indiana","18013","Brown","2019","7","",
"18","Indiana","18015","Carroll","2019","31","",
"18","Indiana","18017","Cass","2019","127","",
"18","Indiana","18019","Clark","2019","243","",
"18","Indiana","18021","Clay","2019","61","",
"18","Indiana","18023","Clinton","2019","111","",
"18","Indiana","18025","Crawford","2019","14","",
"18","Indiana","18027","Daviess","2019","96","",
"18","Indiana","18029","Dearborn","2019","73","",
"18","Indiana","18031","Decatur","2019","84","",
"18","Indiana","18033","DeKalb","2019","95","",
"18","Indiana","18035","Delaware","2019","355","",
"18","Indiana","18037","Dubois","2019","55","",
"18","Indiana","18039","Elkhart","2019","571","",
"18","Indiana","18041","Fayette","2019","58","",
"18","Indiana","18043","Floyd","2019","177","",
"18","Indiana","18045","Fountain","2019","105","",
"18","Indiana","18047","Franklin","2019","20","",
"18","Indiana","18049","Fulton","2019","57","",
"18","Indiana","18051","Gibson","2019","106","",
"18","Indiana","18053","Grant","2019","314","",
"18","Indiana","18055","Greene","2019","50","",
"18","Indiana","18057","Hamilton","2019","561","",
"18","Indiana","18059","Hancock","2019","179","",
"18","Indiana","18061","Harrison","2019","59","",
"18","Indiana","18063","Hendricks","2019","306","",
"18","Indiana","18065","Henry","2019","142","",
"18","Indiana","18067","Howard","2019","472","",
"18","Indiana","18069","Huntington","2019","92","",
"18","Indiana","18071","Jackson","2019","157","",
"18","Indiana","18073","Jasper","2019","71","",
"18","Indiana","18075","Jay","2019","79","",
"18","Indiana","18077","Jefferson","2019","74","",
"18","Indiana","18079","Jennings","2019","99","",
"18","Indiana","18081","Johnson","2019","406","",
"18","Indiana","18083","Knox","2019","107","",
"18","Indiana","18085","Kosciusko","2019","191","",
"18","Indiana","18087","LaGrange","2019","79","",
"18","Indiana","18089","Lake","2019","2,135","",
"18","Indiana","18091","LaPorte","2019","416","",
"18","Indiana","18093","Lawrence","2019","133","",
"18","Indiana","18095","Madison","2019","641","",
"18","Indiana","18097","Marion","2019","4,254","",
"18","Indiana","18099","Marshall","2019","125","",
"18","Indiana","18101","Martin","2019","16","",
"18","Indiana","18103","Miami","2019","101","",
"18","Indiana","18105","Monroe","2019","245","",
"18","Indiana","18107","Montgomery","2019","100","",
"18","Indiana","18109","Morgan","2019","241","",
"18","Indiana","18111","Newton","2019","19","",
"18","Indiana","18113","Noble","2019","98","",
"18","Indiana","18115","Ohio","2019","11","",
"18","Indiana","18117","Orange","2019","74","",
"18","Indiana","18119","Owen","2019","27","",
"18","Indiana","18121","Parke","2019","28","",
"18","Indiana","18123","Perry","2019","43","",
"18","Indiana","18125","Pike","2019","21","",
"18","Indiana","18127","Porter","2019","436","",
"18","Indiana","18129","Posey","2019","23","",
"18","Indiana","18131","Pulaski","2019","24","",
"18","Indiana","18133","Putnam","2019","68","",
"18","Indiana","18135","Randolph","2019","71","",
"18","Indiana","18137","Ripley","2019","98","",
"18","Indiana","18139","Rush","2019","68","",
"18","Indiana","18143","Scott","2019","121","",
"18","Indiana","18145","Shelby","2019","210","",
"18","Indiana","18147","Spencer","2019","21","",
"18","Indiana","18141","St. Joseph","2019","953","",
"18","Indiana","18149","Starke","2019","72","",
"18","Indiana","18151","Steuben","2019","74","",
"18","Indiana","18153","Sullivan","2019","40","",
"18","Indiana","18155","Switzerland","2019","9","",
"18","Indiana","18157","Tippecanoe","2019","491","",
"18","Indiana","18159","Tipton","2019","42","",
"18","Indiana","18161","Union","2019","10","",
"18","Indiana","18163","Vanderburgh","2019","699","",
"18","Indiana","18165","Vermillion","2019","40","",
"18","Indiana","18167","Vigo","2019","284","",
"18","Indiana","18169","Wabash","2019","66","",
"18","Indiana","18171","Warren","2019","23","",
"18","Indiana","18173","Warrick","2019","132","",
"18","Indiana","18175","Washington","2019","73","",
"18","Indiana","18177","Wayne","2019","191","",
"18","Indiana","18179","Wells","2019","70","",
"18","Indiana","18181","White","2019","82","",
"18","Indiana","18183","Whitley","2019","81","",
"19","Iowa","19001","Adair","2019","16","",
"19","Iowa","19003","Adams","2019","10","",
"19","Iowa","19005","Allamakee","2019","35","",
"19","Iowa","19007","Appanoose","2019","47","",
"19","Iowa","19009","Audubon","2019","Suppressed","",
"19","Iowa","19011","Benton","2019","49","",
"19","Iowa","19013","Black Hawk","2019","385","",
"19","Iowa","19015","Boone","2019","49","",
"19","Iowa","19017","Bremer","2019","46","",
"19","Iowa","19019","Buchanan","2019","33","",
"19","Iowa","19021","Buena Vista","2019","51","",
"19","Iowa","19023","Butler","2019","27","",
"19","Iowa","19025","Calhoun","2019","Suppressed","",
"19","Iowa","19027","Carroll","2019","61","",
"19","Iowa","19029","Cass","2019","27","",
"19","Iowa","19031","Cedar","2019","22","",
"19","Iowa","19033","Cerro Gordo","2019","166","",
"19","Iowa","19035","Cherokee","2019","19","",
"19","Iowa","19037","Chickasaw","2019","36","",
"19","Iowa","19039","Clarke","2019","34","",
"19","Iowa","19041","Clay","2019","52","",
"19","Iowa","19043","Clayton","2019","24","",
"19","Iowa","19045","Clinton","2019","151","",
"19","Iowa","19047","Crawford","2019","67","",
"19","Iowa","19049","Dallas","2019","119","",
"19","Iowa","19051","Davis","2019","8","",
"19","Iowa","19053","Decatur","2019","23","",
"19","Iowa","19055","Delaware","2019","19","",
"19","Iowa","19057","Des Moines","2019","235","",
"19","Iowa","19059","Dickinson","2019","23","",
"19","Iowa","19061","Dubuque","2019","350","",
"19","Iowa","19063","Emmet","2019","24","",
"19","Iowa","19065","Fayette","2019","68","",
"19","Iowa","19067","Floyd","2019","44","",
"19","Iowa","19069","Franklin","2019","25","",
"19","Iowa","19071","Fremont","2019","12","",
"19","Iowa","19073","Greene","2019","33","",
"19","Iowa","19075","Grundy","2019","28","",
"19","Iowa","19077","Guthrie","2019","28","",
"19","Iowa","19079","Hamilton","2019","27","",
"19","Iowa","19081","Hancock","2019","50","",
"19","Iowa","19083","Hardin","2019","76","",
"19","Iowa","19085","Harrison","2019","25","",
"19","Iowa","19087","Henry","2019","73","",
"19","Iowa","19089","Howard","2019","27","",
"19","Iowa","19091","Humboldt","2019","20","",
"19","Iowa","19093","Ida","2019","10","",
"19","Iowa","19095","Iowa","2019","28","",
"19","Iowa","19097","Jackson","2019","43","",
"19","Iowa","19099","Jasper","2019","105","",
"19","Iowa","19101","Jefferson","2019","55","",
"19","Iowa","19103","Johnson","2019","339","",
"19","Iowa","19105","Jones","2019","50","",
"19","Iowa","19107","Keokuk","2019","29","",
"19","Iowa","19109","Kossuth","2019","28","",
"19","Iowa","19111","Lee","2019","96","",
"19","Iowa","19113","Linn","2019","689","",
"19","Iowa","19115","Louisa","2019","26","",
"19","Iowa","19117","Lucas","2019","47","",
"19","Iowa","19119","Lyon","2019","9","",
"19","Iowa","19121","Madison","2019","19","",
"19","Iowa","19123","Mahaska","2019","47","",
"19","Iowa","19125","Marion","2019","68","",
"19","Iowa","19127","Marshall","2019","152","",
"19","Iowa","19129","Mills","2019","10","",
"19","Iowa","19131","Mitchell","2019","9","",
"19","Iowa","19133","Monona","2019","13","",
"19","Iowa","19135","Monroe","2019","19","",
"19","Iowa","19137","Montgomery","2019","23","",
"19","Iowa","19139","Muscatine","2019","128","",
"19","Iowa","19141","O'Brien","2019","28","",
"19","Iowa","19143","Osceola","2019","Suppressed","",
"19","Iowa","19145","Page","2019","41","",
"19","Iowa","19147","Palo Alto","2019","11","",
"19","Iowa","19149","Plymouth","2019","32","",
"19","Iowa","19151","Pocahontas","2019","15","",
"19","Iowa","19153","Polk","2019","1,476","",
"19","Iowa","19155","Pottawattamie","2019","194","",
"19","Iowa","19157","Poweshiek","2019","53","",
"19","Iowa","19159","Ringgold","2019","12","",
"19","Iowa","19161","Sac","2019","24","",
"19","Iowa","19163","Scott","2019","883","",
"19","Iowa","19165","Shelby","2019","30","",
"19","Iowa","19167","Sioux","2019","38","",
"19","Iowa","19169","Story","2019","121","",
"19","Iowa","19171","Tama","2019","23","",
"19","Iowa","19173","Taylor","2019","11","",
"19","Iowa","19175","Union","2019","54","",
"19","Iowa","19177","Van Buren","2019","11","",
"19","Iowa","19179","Wapello","2019","115","",
"19","Iowa","19181","Warren","2019","61","",
"19","Iowa","19183","Washington","2019","42","",
"19","Iowa","19185","Wayne","2019","17","",
"19","Iowa","19187","Webster","2019","132","",
"19","Iowa","19189","Winnebago","2019","18","",
"19","Iowa","19191","Winneshiek","2019","57","",
"19","Iowa","19193","Woodbury","2019","277","",
"19","Iowa","19195","Worth","2019","12","",
"19","Iowa","19197","Wright","2019","28","",
"20","Kansas","20001","Allen","2019","34","",
"20","Kansas","20003","Anderson","2019","9","",
"20","Kansas","20005","Atchison","2019","56","",
"20","Kansas","20007","Barber","2019","14","",
"20","Kansas","20009","Barton","2019","55","",
"20","Kansas","20011","Bourbon","2019","38","",
"20","Kansas","20013","Brown","2019","25","",
"20","Kansas","20015","Butler","2019","141","",
"20","Kansas","20017","Chase","2019","Suppressed","",
"20","Kansas","20019","Chautauqua","2019","17","",
"20","Kansas","20021","Cherokee","2019","30","",
"20","Kansas","20023","Cheyenne","2019","6","",
"20","Kansas","20025","Clark","2019","Suppressed","",
"20","Kansas","20027","Clay","2019","9","",
"20","Kansas","20029","Cloud","2019","13","",
"20","Kansas","20031","Coffey","2019","15","",
"20","Kansas","20033","Comanche","2019","Suppressed","",
"20","Kansas","20035","Cowley","2019","81","",
"20","Kansas","20037","Crawford","2019","64","",
"20","Kansas","20039","Decatur","2019","6","",
"20","Kansas","20041","Dickinson","2019","53","",
"20","Kansas","20043","Doniphan","2019","Suppressed","",
"20","Kansas","20045","Douglas","2019","258","",
"20","Kansas","20047","Edwards","2019","7","",
"20","Kansas","20049","Elk","2019","Suppressed","",
"20","Kansas","20051","Ellis","2019","54","",
"20","Kansas","20053","Ellsworth","2019","8","",
"20","Kansas","20055","Finney","2019","132","",
"20","Kansas","20057","Ford","2019","80","",
"20","Kansas","20059","Franklin","2019","35","",
"20","Kansas","20061","Geary","2019","103","",
"20","Kansas","20063","Gove","2019","8","",
"20","Kansas","20065","Graham","2019","Suppressed","",
"20","Kansas","20067","Grant","2019","21","",
"20","Kansas","20069","Gray","2019","8","",
"20","Kansas","20071","Greeley","2019","0","",
"20","Kansas","20073","Greenwood","2019","14","",
"20","Kansas","20075","Hamilton","2019","0","",
"20","Kansas","20077","Harper","2019","6","",
"20","Kansas","20079","Harvey","2019","107","",
"20","Kansas","20081","Haskell","2019","16","",
"20","Kansas","20083","Hodgeman","2019","Suppressed","",
"20","Kansas","20085","Jackson","2019","21","",
"20","Kansas","20087","Jefferson","2019","23","",
"20","Kansas","20089","Jewell","2019","Suppressed","",
"20","Kansas","20091","Johnson","2019","1,683","",
"20","Kansas","20093","Kearny","2019","Suppressed","",
"20","Kansas","20095","Kingman","2019","28","",
"20","Kansas","20097","Kiowa","2019","Suppressed","",
"20","Kansas","20099","Labette","2019","62","",
"20","Kansas","20101","Lane","2019","Suppressed","",
"20","Kansas","20103","Leavenworth","2019","348","",
"20","Kansas","20105","Lincoln","2019","7","",
"20","Kansas","20107","Linn","2019","23","",
"20","Kansas","20109","Logan","2019","Suppressed","",
"20","Kansas","20111","Lyon","2019","133","",
"20","Kansas","20115","Marion","2019","25","",
"20","Kansas","20117","Marshall","2019","14","",
"20","Kansas","20113","McPherson","2019","80","",
"20","Kansas","20119","Meade","2019","10","",
"20","Kansas","20121","Miami","2019","83","",
"20","Kansas","20123","Mitchell","2019","15","",
"20","Kansas","20125","Montgomery","2019","103","",
"20","Kansas","20127","Morris","2019","Suppressed","",
"20","Kansas","20129","Morton","2019","12","",
"20","Kansas","20131","Nemaha","2019","26","",
"20","Kansas","20133","Neosho","2019","33","",
"20","Kansas","20135","Ness","2019","10","",
"20","Kansas","20137","Norton","2019","13","",
"20","Kansas","20139","Osage","2019","24","",
"20","Kansas","20141","Osborne","2019","Suppressed","",
"20","Kansas","20143","Ottawa","2019","13","",
"20","Kansas","20145","Pawnee","2019","34","",
"20","Kansas","20147","Phillips","2019","15","",
"20","Kansas","20149","Pottawatomie","2019","51","",
"20","Kansas","20151","Pratt","2019","Suppressed","",
"20","Kansas","20153","Rawlins","2019","Suppressed","",
"20","Kansas","20155","Reno","2019","165","",
"20","Kansas","20157","Republic","2019","7","",
"20","Kansas","20159","Rice","2019","12","",
"20","Kansas","20161","Riley","2019","18","",
"20","Kansas","20163","Rooks","2019","9","",
"20","Kansas","20165","Rush","2019","8","",
"20","Kansas","20167","Russell","2019","9","",
"20","Kansas","20169","Saline","2019","258","",
"20","Kansas","20171","Scott","2019","8","",
"20","Kansas","20173","Sedgwick","2019","3,555","",
"20","Kansas","20175","Seward","2019","62","",
"20","Kansas","20177","Shawnee","2019","669","",
"20","Kansas","20179","Sheridan","2019","Suppressed","",
"20","Kansas","20181","Sherman","2019","25","",
"20","Kansas","20183","Smith","2019","Suppressed","",
"20","Kansas","20185","Stafford","2019","7","",
"20","Kansas","20187","Stanton","2019","Suppressed","",
"20","Kansas","20189","Stevens","2019","26","",
"20","Kansas","20191","Sumner","2019","46","",
"20","Kansas","20193","Thomas","2019","7","",
"20","Kansas","20195","Trego","2019","Suppressed","",
"20","Kansas","20197","Wabaunsee","2019","9","",
"20","Kansas","20199","Wallace","2019","Suppressed","",
"20","Kansas","20201","Washington","2019","Suppressed","",
"20","Kansas","20203","Wichita","2019","Suppressed","",
"20","Kansas","20205","Wilson","2019","12","",
"20","Kansas","20207","Woodson","2019","0","",
"20","Kansas","20209","Wyandotte","2019","1,081","",
"21","Kentucky","21001","Adair","2019","41","",
"21","Kentucky","21003","Allen","2019","43","",
"21","Kentucky","21005","Anderson","2019","59","",
"21","Kentucky","21007","Ballard","2019","Suppressed","",
"21","Kentucky","21009","Barren","2019","126","",
"21","Kentucky","21011","Bath","2019","26","",
"21","Kentucky","21013","Bell","2019","72","",
"21","Kentucky","21015","Boone","2019","328","",
"21","Kentucky","21017","Bourbon","2019","65","",
"21","Kentucky","21019","Boyd","2019","153","",
"21","Kentucky","21021","Boyle","2019","81","",
"21","Kentucky","21023","Bracken","2019","10","",
"21","Kentucky","21025","Breathitt","2019","26","",
"21","Kentucky","21027","Breckinridge","2019","57","",
"21","Kentucky","21029","Bullitt","2019","227","",
"21","Kentucky","21031","Butler","2019","23","",
"21","Kentucky","21033","Caldwell","2019","44","",
"21","Kentucky","21035","Calloway","2019","33","",
"21","Kentucky","21037","Campbell","2019","219","",
"21","Kentucky","21039","Carlisle","2019","12","",
"21","Kentucky","21041","Carroll","2019","39","",
"21","Kentucky","21043","Carter","2019","61","",
"21","Kentucky","21045","Casey","2019","56","",
"21","Kentucky","21047","Christian","2019","310","",
"21","Kentucky","21049","Clark","2019","78","",
"21","Kentucky","21051","Clay","2019","124","",
"21","Kentucky","21053","Clinton","2019","21","",
"21","Kentucky","21055","Crittenden","2019","30","",
"21","Kentucky","21057","Cumberland","2019","28","",
"21","Kentucky","21059","Daviess","2019","247","",
"21","Kentucky","21061","Edmonson","2019","21","",
"21","Kentucky","21063","Elliott","2019","10","",
"21","Kentucky","21065","Estill","2019","44","",
"21","Kentucky","21067","Fayette","2019","1,314","",
"21","Kentucky","21069","Fleming","2019","27","",
"21","Kentucky","21071","Floyd","2019","94","",
"21","Kentucky","21073","Franklin","2019","150","",
"21","Kentucky","21075","Fulton","2019","9","",
"21","Kentucky","21077","Gallatin","2019","14","",
"21","Kentucky","21079","Garrard","2019","48","",
"21","Kentucky","21081","Grant","2019","66","",
"21","Kentucky","21083","Graves","2019","121","",
"21","Kentucky","21085","Grayson","2019","65","",
"21","Kentucky","21087","Green","2019","32","",
"21","Kentucky","21089","Greenup","2019","71","",
"21","Kentucky","21091","Hancock","2019","12","",
"21","Kentucky","21093","Hardin","2019","462","",
"21","Kentucky","21095","Harlan","2019","145","",
"21","Kentucky","21097","Harrison","2019","39","",
"21","Kentucky","21099","Hart","2019","53","",
"21","Kentucky","21101","Henderson","2019","97","",
"21","Kentucky","21103","Henry","2019","51","",
"21","Kentucky","21105","Hickman","2019","9","",
"21","Kentucky","21107","Hopkins","2019","66","",
"21","Kentucky","21109","Jackson","2019","32","",
"21","Kentucky","21111","Jefferson","2019","4,826","",
"21","Kentucky","21113","Jessamine","2019","157","",
"21","Kentucky","21115","Johnson","2019","45","",
"21","Kentucky","21117","Kenton","2019","558","",
"21","Kentucky","21119","Knott","2019","19","",
"21","Kentucky","21121","Knox","2019","74","",
"21","Kentucky","21123","Larue","2019","39","",
"21","Kentucky","21125","Laurel","2019","120","",
"21","Kentucky","21127","Lawrence","2019","24","",
"21","Kentucky","21129","Lee","2019","8","",
"21","Kentucky","21131","Leslie","2019","31","",
"21","Kentucky","21133","Letcher","2019","47","",
"21","Kentucky","21135","Lewis","2019","12","",
"21","Kentucky","21137","Lincoln","2019","94","",
"21","Kentucky","21139","Livingston","2019","21","",
"21","Kentucky","21141","Logan","2019","73","",
"21","Kentucky","21143","Lyon","2019","15","",
"21","Kentucky","21151","Madison","2019","272","",
"21","Kentucky","21153","Magoffin","2019","12","",
"21","Kentucky","21155","Marion","2019","62","",
"21","Kentucky","21157","Marshall","2019","41","",
"21","Kentucky","21159","Martin","2019","12","",
"21","Kentucky","21161","Mason","2019","61","",
"21","Kentucky","21145","McCracken","2019","245","",
"21","Kentucky","21147","McCreary","2019","17","",
"21","Kentucky","21149","McLean","2019","18","",
"21","Kentucky","21163","Meade","2019","30","",
"21","Kentucky","21165","Menifee","2019","12","",
"21","Kentucky","21167","Mercer","2019","88","",
"21","Kentucky","21169","Metcalfe","2019","30","",
"21","Kentucky","21171","Monroe","2019","87","",
"21","Kentucky","21173","Montgomery","2019","68","",
"21","Kentucky","21175","Morgan","2019","26","",
"21","Kentucky","21177","Muhlenberg","2019","80","",
"21","Kentucky","21179","Nelson","2019","120","",
"21","Kentucky","21181","Nicholas","2019","13","",
"21","Kentucky","21183","Ohio","2019","60","",
"21","Kentucky","21185","Oldham","2019","163","",
"21","Kentucky","21187","Owen","2019","23","",
"21","Kentucky","21189","Owsley","2019","9","",
"21","Kentucky","21191","Pendleton","2019","37","",
"21","Kentucky","21193","Perry","2019","53","",
"21","Kentucky","21195","Pike","2019","118","",
"21","Kentucky","21197","Powell","2019","34","",
"21","Kentucky","21199","Pulaski","2019","140","",
"21","Kentucky","21201","Robertson","2019","Suppressed","",
"21","Kentucky","21203","Rockcastle","2019","57","",
"21","Kentucky","21205","Rowan","2019","69","",
"21","Kentucky","21207","Russell","2019","35","",
"21","Kentucky","21209","Scott","2019","138","",
"21","Kentucky","21211","Shelby","2019","117","",
"21","Kentucky","21213","Simpson","2019","62","",
"21","Kentucky","21215","Spencer","2019","47","",
"21","Kentucky","21217","Taylor","2019","82","",
"21","Kentucky","21219","Todd","2019","31","",
"21","Kentucky","21221","Trigg","2019","37","",
"21","Kentucky","21223","Trimble","2019","19","",
"21","Kentucky","21225","Union","2019","63","",
"21","Kentucky","21227","Warren","2019","428","",
"21","Kentucky","21229","Washington","2019","37","",
"21","Kentucky","21231","Wayne","2019","34","",
"21","Kentucky","21233","Webster","2019","27","",
"21","Kentucky","21235","Whitley","2019","87","",
"21","Kentucky","21237","Wolfe","2019","17","",
"21","Kentucky","21239","Woodford","2019","57","",
"22","Louisiana","22001","Acadia","2019","135","",
"22","Louisiana","22003","Allen","2019","54","",
"22","Louisiana","22005","Ascension","2019","313","",
"22","Louisiana","22007","Assumption","2019","100","",
"22","Louisiana","22009","Avoyelles","2019","95","",
"22","Louisiana","22011","Beauregard","2019","140","",
"22","Louisiana","22013","Bienville","2019","43","",
"22","Louisiana","22015","Bossier","2019","610","",
"22","Louisiana","22017","Caddo","2019","2,042","",
"22","Louisiana","22019","Calcasieu","2019","883","",
"22","Louisiana","22021","Caldwell","2019","Suppressed","",
"22","Louisiana","22023","Cameron","2019","Suppressed","",
"22","Louisiana","22025","Catahoula","2019","20","",
"22","Louisiana","22027","Claiborne","2019","17","",
"22","Louisiana","22029","Concordia","2019","14","",
"22","Louisiana","22031","De Soto","2019","161","",
"22","Louisiana","22033","East Baton Rouge","2019","1,851","",
"22","Louisiana","22035","East Carroll","2019","Suppressed","",
"22","Louisiana","22037","East Feliciana","2019","54","",
"22","Louisiana","22039","Evangeline","2019","187","",
"22","Louisiana","22041","Franklin","2019","18","",
"22","Louisiana","22043","Grant","2019","63","",
"22","Louisiana","22045","Iberia","2019","362","",
"22","Louisiana","22047","Iberville","2019","154","",
"22","Louisiana","22049","Jackson","2019","20","",
"22","Louisiana","22051","Jefferson","2019","2,911","",
"22","Louisiana","22053","Jefferson Davis","2019","28","",
"22","Louisiana","22059","La Salle","2019","34","",
"22","Louisiana","22055","Lafayette","2019","760","",
"22","Louisiana","22057","Lafourche","2019","327","",
"22","Louisiana","22061","Lincoln","2019","203","",
"22","Louisiana","22063","Livingston","2019","355","",
"22","Louisiana","22065","Madison","2019","78","",
"22","Louisiana","22067","Morehouse","2019","156","",
"22","Louisiana","22069","Natchitoches","2019","211","",
"22","Louisiana","22071","Orleans","2019","3,863","",
"22","Louisiana","22073","Ouachita","2019","872","",
"22","Louisiana","22075","Plaquemines","2019","108","",
"22","Louisiana","22077","Pointe Coupee","2019","35","",
"22","Louisiana","22079","Rapides","2019","748","",
"22","Louisiana","22081","Red River","2019","60","",
"22","Louisiana","22083","Richland","2019","111","",
"22","Louisiana","22085","Sabine","2019","87","",
"22","Louisiana","22087","St. Bernard","2019","327","",
"22","Louisiana","22089","St. Charles","2019","228","",
"22","Louisiana","22091","St. Helena","2019","13","",
"22","Louisiana","22093","St. James","2019","128","",
"22","Louisiana","22095","St. John the Baptist","2019","474","",
"22","Louisiana","22097","St. Landry","2019","490","",
"22","Louisiana","22099","St. Martin","2019","101","",
"22","Louisiana","22101","St. Mary","2019","365","",
"22","Louisiana","22103","St. Tammany","2019","791","",
"22","Louisiana","22105","Tangipahoa","2019","563","",
"22","Louisiana","22107","Tensas","2019","9","",
"22","Louisiana","22109","Terrebonne","2019","696","",
"22","Louisiana","22111","Union","2019","64","",
"22","Louisiana","22113","Vermilion","2019","232","",
"22","Louisiana","22115","Vernon","2019","190","",
"22","Louisiana","22117","Washington","2019","75","",
"22","Louisiana","22119","Webster","2019","211","",
"22","Louisiana","22121","West Baton Rouge","2019","77","",
"22","Louisiana","22123","West Carroll","2019","12","",
"22","Louisiana","22125","West Feliciana","2019","9","",
"22","Louisiana","22127","Winn","2019","85","",
"23","Maine","23001","Androscoggin","2019","494","",
"23","Maine","23003","Aroostook","2019","334","",
"23","Maine","23005","Cumberland","2019","757","",
"23","Maine","23007","Franklin","2019","99","",
"23","Maine","23009","Hancock","2019","141","",
"23","Maine","23011","Kennebec","2019","393","",
"23","Maine","23013","Knox","2019","167","",
"23","Maine","23015","Lincoln","2019","128","",
"23","Maine","23017","Oxford","2019","242","",
"23","Maine","23019","Penobscot","2019","354","",
"23","Maine","23021","Piscataquis","2019","44","",
"23","Maine","23023","Sagadahoc","2019","104","",
"23","Maine","23025","Somerset","2019","223","",
"23","Maine","23027","Waldo","2019","114","",
"23","Maine","23029","Washington","2019","131","",
"23","Maine","23031","York","2019","488","",
"24","Maryland","24001","Allegany","2019","267","",
"24","Maryland","24003","Anne Arundel","2019","1,843","",
"24","Maryland","24005","Baltimore","2019","4,655","",
"24","Maryland","24510","Baltimore City","2019","10,247","",
"24","Maryland","24009","Calvert","2019","404","",
"24","Maryland","24011","Caroline","2019","125","",
"24","Maryland","24013","Carroll","2019","301","",
"24","Maryland","24015","Cecil","2019","278","",
"24","Maryland","24017","Charles","2019","681","",
"24","Maryland","24019","Dorchester","2019","286","",
"24","Maryland","24021","Frederick","2019","775","",
"24","Maryland","24023","Garrett","2019","87","",
"24","Maryland","24025","Harford","2019","890","",
"24","Maryland","24027","Howard","2019","864","",
"24","Maryland","24029","Kent","2019","130","",
"24","Maryland","24031","Montgomery","2019","2,796","",
"24","Maryland","24033","Prince George's","2019","3,503","",
"24","Maryland","24035","Queen Anne's","2019","140","",
"24","Maryland","24039","Somerset","2019","176","",
"24","Maryland","24037","St. Mary's","2019","524","",
"24","Maryland","24041","Talbot","2019","135","",
"24","Maryland","24043","Washington","2019","474","",
"24","Maryland","24045","Wicomico","2019","713","",
"24","Maryland","24047","Worcester","2019","236","",
"25","Massachusetts","25001","Barnstable","2019","767","",
"25","Massachusetts","25003","Berkshire","2019","528","",
"25","Massachusetts","25005","Bristol","2019","3,539","",
"25","Massachusetts","25007","Dukes","2019","114","",
"25","Massachusetts","25009","Essex","2019","4,130","",
"25","Massachusetts","25011","Franklin","2019","371","",
"25","Massachusetts","25013","Hampden","2019","4,999","",
"25","Massachusetts","25015","Hampshire","2019","507","",
"25","Massachusetts","25017","Middlesex","2019","5,096","",
"25","Massachusetts","25019","Nantucket","2019","112","",
"25","Massachusetts","25021","Norfolk","2019","2,270","",
"25","Massachusetts","25023","Plymouth","2019","2,387","",
"25","Massachusetts","25025","Suffolk","2019","5,641","",
"25","Massachusetts","25027","Worcester","2019","4,163","",
"26","Michigan","26001","Alcona","2019","13","",
"26","Michigan","26003","Alger","2019","21","",
"26","Michigan","26005","Allegan","2019","357","",
"26","Michigan","26007","Alpena","2019","97","",
"26","Michigan","26009","Antrim","2019","51","",
"26","Michigan","26011","Arenac","2019","61","",
"26","Michigan","26013","Baraga","2019","23","",
"26","Michigan","26015","Barry","2019","106","",
"26","Michigan","26017","Bay","2019","338","",
"26","Michigan","26019","Benzie","2019","39","",
"26","Michigan","26021","Berrien","2019","909","",
"26","Michigan","26023","Branch","2019","144","",
"26","Michigan","26025","Calhoun","2019","472","",
"26","Michigan","26027","Cass","2019","141","",
"26","Michigan","26029","Charlevoix","2019","62","",
"26","Michigan","26031","Cheboygan","2019","80","",
"26","Michigan","26033","Chippewa","2019","104","",
"26","Michigan","26035","Clare","2019","133","",
"26","Michigan","26037","Clinton","2019","121","",
"26","Michigan","26039","Crawford","2019","46","",
"26","Michigan","26041","Delta","2019","58","",
"26","Michigan","26043","Dickinson","2019","48","",
"26","Michigan","26045","Eaton","2019","339","",
"26","Michigan","26047","Emmet","2019","87","",
"26","Michigan","26049","Genesee","2019","2,515","",
"26","Michigan","26051","Gladwin","2019","86","",
"26","Michigan","26053","Gogebic","2019","46","",
"26","Michigan","26055","Grand Traverse","2019","115","",
"26","Michigan","26057","Gratiot","2019","106","",
"26","Michigan","26059","Hillsdale","2019","182","",
"26","Michigan","26061","Houghton","2019","90","",
"26","Michigan","26063","Huron","2019","94","",
"26","Michigan","26065","Ingham","2019","1,032","",
"26","Michigan","26067","Ionia","2019","117","",
"26","Michigan","26069","Iosco","2019","69","",
"26","Michigan","26071","Iron","2019","46","",
"26","Michigan","26073","Isabella","2019","309","",
"26","Michigan","26075","Jackson","2019","529","",
"26","Michigan","26077","Kalamazoo","2019","911","",
"26","Michigan","26079","Kalkaska","2019","60","",
"26","Michigan","26081","Kent","2019","2,915","",
"26","Michigan","26083","Keweenaw","2019","Suppressed","",
"26","Michigan","26085","Lake","2019","40","",
"26","Michigan","26087","Lapeer","2019","230","",
"26","Michigan","26089","Leelanau","2019","21","",
"26","Michigan","26091","Lenawee","2019","322","",
"26","Michigan","26093","Livingston","2019","307","",
"26","Michigan","26095","Luce","2019","20","",
"26","Michigan","26097","Mackinac","2019","26","",
"26","Michigan","26099","Macomb","2019","3,662","",
"26","Michigan","26101","Manistee","2019","71","",
"26","Michigan","26103","Marquette","2019","236","",
"26","Michigan","26105","Mason","2019","133","",
"26","Michigan","26107","Mecosta","2019","162","",
"26","Michigan","26109","Menominee","2019","51","",
"26","Michigan","26111","Midland","2019","175","",
"26","Michigan","26113","Missaukee","2019","40","",
"26","Michigan","26115","Monroe","2019","489","",
"26","Michigan","26117","Montcalm","2019","195","",
"26","Michigan","26119","Montmorency","2019","10","",
"26","Michigan","26121","Muskegon","2019","1,150","",
"26","Michigan","26123","Newaygo","2019","156","",
"26","Michigan","26125","Oakland","2019","4,432","",
"26","Michigan","26127","Oceana","2019","98","",
"26","Michigan","26129","Ogemaw","2019","51","",
"26","Michigan","26131","Ontonagon","2019","17","",
"26","Michigan","26133","Osceola","2019","85","",
"26","Michigan","26135","Oscoda","2019","17","",
"26","Michigan","26137","Otsego","2019","49","",
"26","Michigan","26139","Ottawa","2019","578","",
"26","Michigan","26141","Presque Isle","2019","Suppressed","",
"26","Michigan","26143","Roscommon","2019","61","",
"26","Michigan","26145","Saginaw","2019","1,324","",
"26","Michigan","26151","Sanilac","2019","147","",
"26","Michigan","26153","Schoolcraft","2019","16","",
"26","Michigan","26155","Shiawassee","2019","232","",
"26","Michigan","26147","St. Clair","2019","700","",
"26","Michigan","26149","St. Joseph","2019","244","",
"26","Michigan","26157","Tuscola","2019","167","",
"26","Michigan","26159","Van Buren","2019","260","",
"26","Michigan","26161","Washtenaw","2019","825","",
"26","Michigan","26163","Wayne","2019","17,994","",
"26","Michigan","26165","Wexford","2019","101","",
"27","Minnesota","27001","Aitkin","2019","26","",
"27","Minnesota","27003","Anoka","2019","812","",
"27","Minnesota","27005","Becker","2019","42","",
"27","Minnesota","27007","Beltrami","2019","41","",
"27","Minnesota","27009","Benton","2019","37","",
"27","Minnesota","27011","Big Stone","2019","Suppressed","",
"27","Minnesota","27013","Blue Earth","2019","213","",
"27","Minnesota","27015","Brown","2019","7","",
"27","Minnesota","27017","Carlton","2019","41","",
"27","Minnesota","27019","Carver","2019","107","",
"27","Minnesota","27021","Cass","2019","32","",
"27","Minnesota","27023","Chippewa","2019","12","",
"27","Minnesota","27025","Chisago","2019","77","",
"27","Minnesota","27027","Clay","2019","164","",
"27","Minnesota","27029","Clearwater","2019","12","",
"27","Minnesota","27031","Cook","2019","19","",
"27","Minnesota","27033","Cottonwood","2019","9","",
"27","Minnesota","27035","Crow Wing","2019","112","",
"27","Minnesota","27037","Dakota","2019","1,021","",
"27","Minnesota","27039","Dodge","2019","11","",
"27","Minnesota","27041","Douglas","2019","63","",
"27","Minnesota","27043","Faribault","2019","11","",
"27","Minnesota","27045","Fillmore","2019","11","",
"27","Minnesota","27047","Freeborn","2019","130","",
"27","Minnesota","27049","Goodhue","2019","112","",
"27","Minnesota","27051","Grant","2019","Suppressed","",
"27","Minnesota","27053","Hennepin","2019","4,817","",
"27","Minnesota","27055","Houston","2019","0","",
"27","Minnesota","27057","Hubbard","2019","8","",
"27","Minnesota","27059","Isanti","2019","67","",
"27","Minnesota","27061","Itasca","2019","103","",
"27","Minnesota","27063","Jackson","2019","18","",
"27","Minnesota","27065","Kanabec","2019","45","",
"27","Minnesota","27067","Kandiyohi","2019","81","",
"27","Minnesota","27069","Kittson","2019","Suppressed","",
"27","Minnesota","27071","Koochiching","2019","22","",
"27","Minnesota","27073","Lac qui Parle","2019","9","",
"27","Minnesota","27075","Lake","2019","9","",
"27","Minnesota","27077","Lake of the Woods","2019","6","",
"27","Minnesota","27079","Le Sueur","2019","28","",
"27","Minnesota","27081","Lincoln","2019","Suppressed","",
"27","Minnesota","27083","Lyon","2019","27","",
"27","Minnesota","27087","Mahnomen","2019","8","",
"27","Minnesota","27089","Marshall","2019","13","",
"27","Minnesota","27091","Martin","2019","59","",
"27","Minnesota","27085","McLeod","2019","17","",
"27","Minnesota","27093","Meeker","2019","43","",
"27","Minnesota","27095","Mille Lacs","2019","84","",
"27","Minnesota","27097","Morrison","2019","45","",
"27","Minnesota","27099","Mower","2019","74","",
"27","Minnesota","27101","Murray","2019","9","",
"27","Minnesota","27103","Nicollet","2019","45","",
"27","Minnesota","27105","Nobles","2019","7","",
"27","Minnesota","27107","Norman","2019","9","",
"27","Minnesota","27109","Olmsted","2019","405","",
"27","Minnesota","27111","Otter Tail","2019","104","",
"27","Minnesota","27113","Pennington","2019","Suppressed","",
"27","Minnesota","27115","Pine","2019","44","",
"27","Minnesota","27117","Pipestone","2019","0","",
"27","Minnesota","27119","Polk","2019","65","",
"27","Minnesota","27121","Pope","2019","6","",
"27","Minnesota","27123","Ramsey","2019","2,647","",
"27","Minnesota","27125","Red Lake","2019","0","",
"27","Minnesota","27127","Redwood","2019","Suppressed","",
"27","Minnesota","27129","Renville","2019","16","",
"27","Minnesota","27131","Rice","2019","114","",
"27","Minnesota","27133","Rock","2019","6","",
"27","Minnesota","27135","Roseau","2019","30","",
"27","Minnesota","27139","Scott","2019","373","",
"27","Minnesota","27141","Sherburne","2019","110","",
"27","Minnesota","27143","Sibley","2019","10","",
"27","Minnesota","27137","St. Louis","2019","650","",
"27","Minnesota","27145","Stearns","2019","273","",
"27","Minnesota","27147","Steele","2019","124","",
"27","Minnesota","27149","Stevens","2019","19","",
"27","Minnesota","27151","Swift","2019","Suppressed","",
"27","Minnesota","27153","Todd","2019","37","",
"27","Minnesota","27155","Traverse","2019","0","",
"27","Minnesota","27157","Wabasha","2019","14","",
"27","Minnesota","27159","Wadena","2019","Suppressed","",
"27","Minnesota","27161","Waseca","2019","22","",
"27","Minnesota","27163","Washington","2019","405","",
"27","Minnesota","27165","Watonwan","2019","Suppressed","",
"27","Minnesota","27167","Wilkin","2019","11","",
"27","Minnesota","27169","Winona","2019","94","",
"27","Minnesota","27171","Wright","2019","171","",
"27","Minnesota","27173","Yellow Medicine","2019","6","",
"29","Missouri","29001","Adair","2019","36","",
"29","Missouri","29003","Andrew","2019","33","",
"29","Missouri","29005","Atchison","2019","13","",
"29","Missouri","29007","Audrain","2019","115","",
"29","Missouri","29009","Barry","2019","93","",
"29","Missouri","29011","Barton","2019","24","",
"29","Missouri","29013","Bates","2019","66","",
"29","Missouri","29015","Benton","2019","41","",
"29","Missouri","29017","Bollinger","2019","12","",
"29","Missouri","29019","Boone","2019","730","",
"29","Missouri","29021","Buchanan","2019","269","",
"29","Missouri","29023","Butler","2019","123","",
"29","Missouri","29025","Caldwell","2019","11","",
"29","Missouri","29027","Callaway","2019","162","",
"29","Missouri","29029","Camden","2019","69","",
"29","Missouri","29031","Cape Girardeau","2019","212","",
"29","Missouri","29033","Carroll","2019","15","",
"29","Missouri","29035","Carter","2019","9","",
"29","Missouri","29037","Cass","2019","297","",
"29","Missouri","29039","Cedar","2019","36","",
"29","Missouri","29041","Chariton","2019","14","",
"29","Missouri","29043","Christian","2019","81","",
"29","Missouri","29045","Clark","2019","Suppressed","",
"29","Missouri","29047","Clay","2019","681","",
"29","Missouri","29049","Clinton","2019","49","",
"29","Missouri","29051","Cole","2019","414","",
"29","Missouri","29053","Cooper","2019","49","",
"29","Missouri","29055","Crawford","2019","49","",
"29","Missouri","29057","Dade","2019","7","",
"29","Missouri","29059","Dallas","2019","35","",
"29","Missouri","29061","Daviess","2019","19","",
"29","Missouri","29063","DeKalb","2019","25","",
"29","Missouri","29065","Dent","2019","68","",
"29","Missouri","29067","Douglas","2019","11","",
"29","Missouri","29069","Dunklin","2019","37","",
"29","Missouri","29071","Franklin","2019","288","",
"29","Missouri","29073","Gasconade","2019","29","",
"29","Missouri","29075","Gentry","2019","14","",
"29","Missouri","29077","Greene","2019","635","",
"29","Missouri","29079","Grundy","2019","17","",
"29","Missouri","29081","Harrison","2019","23","",
"29","Missouri","29083","Henry","2019","84","",
"29","Missouri","29085","Hickory","2019","6","",
"29","Missouri","29087","Holt","2019","6","",
"29","Missouri","29089","Howard","2019","16","",
"29","Missouri","29091","Howell","2019","100","",
"29","Missouri","29093","Iron","2019","33","",
"29","Missouri","29095","Jackson","2019","4,749","",
"29","Missouri","29097","Jasper","2019","330","",
"29","Missouri","29099","Jefferson","2019","788","",
"29","Missouri","29101","Johnson","2019","160","",
"29","Missouri","29103","Knox","2019","Suppressed","",
"29","Missouri","29105","Laclede","2019","118","",
"29","Missouri","29107","Lafayette","2019","148","",
"29","Missouri","29109","Lawrence","2019","106","",
"29","Missouri","29111","Lewis","2019","Suppressed","",
"29","Missouri","29113","Lincoln","2019","283","",
"29","Missouri","29115","Linn","2019","46","",
"29","Missouri","29117","Livingston","2019","39","",
"29","Missouri","29121","Macon","2019","34","",
"29","Missouri","29123","Madison","2019","44","",
"29","Missouri","29125","Maries","2019","12","",
"29","Missouri","29127","Marion","2019","92","",
"29","Missouri","29119","McDonald","2019","43","",
"29","Missouri","29129","Mercer","2019","9","",
"29","Missouri","29131","Miller","2019","51","",
"29","Missouri","29133","Mississippi","2019","41","",
"29","Missouri","29135","Moniteau","2019","44","",
"29","Missouri","29137","Monroe","2019","27","",
"29","Missouri","29139","Montgomery","2019","28","",
"29","Missouri","29141","Morgan","2019","37","",
"29","Missouri","29143","New Madrid","2019","41","",
"29","Missouri","29145","Newton","2019","171","",
"29","Missouri","29147","Nodaway","2019","43","",
"29","Missouri","29149","Oregon","2019","11","",
"29","Missouri","29151","Osage","2019","24","",
"29","Missouri","29153","Ozark","2019","Suppressed","",
"29","Missouri","29155","Pemiscot","2019","43","",
"29","Missouri","29157","Perry","2019","43","",
"29","Missouri","29159","Pettis","2019","165","",
"29","Missouri","29161","Phelps","2019","91","",
"29","Missouri","29163","Pike","2019","56","",
"29","Missouri","29165","Platte","2019","194","",
"29","Missouri","29167","Polk","2019","58","",
"29","Missouri","29169","Pulaski","2019","66","",
"29","Missouri","29171","Putnam","2019","11","",
"29","Missouri","29173","Ralls","2019","7","",
"29","Missouri","29175","Randolph","2019","75","",
"29","Missouri","29177","Ray","2019","87","",
"29","Missouri","29179","Reynolds","2019","22","",
"29","Missouri","29181","Ripley","2019","23","",
"29","Missouri","29195","Saline","2019","87","",
"29","Missouri","29197","Schuyler","2019","6","",
"29","Missouri","29199","Scotland","2019","Suppressed","",
"29","Missouri","29201","Scott","2019","125","",
"29","Missouri","29203","Shannon","2019","15","",
"29","Missouri","29205","Shelby","2019","15","",
"29","Missouri","29183","St. Charles","2019","1,010","",
"29","Missouri","29185","St. Clair","2019","12","",
"29","Missouri","29187","St. Francois","2019","194","",
"29","Missouri","29189","St. Louis","2019","5,834","",
"29","Missouri","29510","St. Louis City","2019","3,037","",
"29","Missouri","29186","Ste. Genevieve","2019","53","",
"29","Missouri","29207","Stoddard","2019","67","",
"29","Missouri","29209","Stone","2019","58","",
"29","Missouri","29211","Sullivan","2019","18","",
"29","Missouri","29213","Taney","2019","151","",
"29","Missouri","29215","Texas","2019","69","",
"29","Missouri","29217","Vernon","2019","51","",
"29","Missouri","29219","Warren","2019","117","",
"29","Missouri","29221","Washington","2019","92","",
"29","Missouri","29223","Wayne","2019","23","",
"29","Missouri","29225","Webster","2019","51","",
"29","Missouri","29227","Worth","2019","Suppressed","",
"29","Missouri","29229","Wright","2019","27","",
"31","Nebraska","31001","Adams","2019","88","",
"31","Nebraska","31003","Antelope","2019","Suppressed","",
"31","Nebraska","31005","Arthur","2019","0","",
"31","Nebraska","31007","Banner","2019","0","",
"31","Nebraska","31009","Blaine","2019","0","",
"31","Nebraska","31011","Boone","2019","Suppressed","",
"31","Nebraska","31013","Box Butte","2019","32","",
"31","Nebraska","31015","Boyd","2019","Suppressed","",
"31","Nebraska","31017","Brown","2019","Suppressed","",
"31","Nebraska","31019","Buffalo","2019","72","",
"31","Nebraska","31021","Burt","2019","6","",
"31","Nebraska","31023","Butler","2019","10","",
"31","Nebraska","31025","Cass","2019","45","",
"31","Nebraska","31027","Cedar","2019","Suppressed","",
"31","Nebraska","31029","Chase","2019","Suppressed","",
"31","Nebraska","31031","Cherry","2019","12","",
"31","Nebraska","31033","Cheyenne","2019","23","",
"31","Nebraska","31035","Clay","2019","15","",
"31","Nebraska","31037","Colfax","2019","36","",
"31","Nebraska","31039","Cuming","2019","Suppressed","",
"31","Nebraska","31041","Custer","2019","23","",
"31","Nebraska","31043","Dakota","2019","Suppressed","",
"31","Nebraska","31045","Dawes","2019","18","",
"31","Nebraska","31047","Dawson","2019","31","",
"31","Nebraska","31049","Deuel","2019","Suppressed","",
"31","Nebraska","31051","Dixon","2019","Suppressed","",
"31","Nebraska","31053","Dodge","2019","89","",
"31","Nebraska","31055","Douglas","2019","2,103","",
"31","Nebraska","31057","Dundy","2019","0","",
"31","Nebraska","31059","Fillmore","2019","6","",
"31","Nebraska","31061","Franklin","2019","Suppressed","",
"31","Nebraska","31063","Frontier","2019","Suppressed","",
"31","Nebraska","31065","Furnas","2019","12","",
"31","Nebraska","31067","Gage","2019","44","",
"31","Nebraska","31069","Garden","2019","Suppressed","",
"31","Nebraska","31071","Garfield","2019","Suppressed","",
"31","Nebraska","31073","Gosper","2019","Suppressed","",
"31","Nebraska","31075","Grant","2019","0","",
"31","Nebraska","31077","Greeley","2019","Suppressed","",
"31","Nebraska","31079","Hall","2019","150","",
"31","Nebraska","31081","Hamilton","2019","10","",
"31","Nebraska","31083","Harlan","2019","Suppressed","",
"31","Nebraska","31085","Hayes","2019","7","",
"31","Nebraska","31087","Hitchcock","2019","Suppressed","",
"31","Nebraska","31089","Holt","2019","9","",
"31","Nebraska","31091","Hooker","2019","0","",
"31","Nebraska","31093","Howard","2019","6","",
"31","Nebraska","31095","Jefferson","2019","16","",
"31","Nebraska","31097","Johnson","2019","7","",
"31","Nebraska","31099","Kearney","2019","Suppressed","",
"31","Nebraska","31101","Keith","2019","Suppressed","",
"31","Nebraska","31103","Keya Paha","2019","0","",
"31","Nebraska","31105","Kimball","2019","10","",
"31","Nebraska","31107","Knox","2019","Suppressed","",
"31","Nebraska","31109","Lancaster","2019","694","",
"31","Nebraska","31111","Lincoln","2019","90","",
"31","Nebraska","31113","Logan","2019","Suppressed","",
"31","Nebraska","31115","Loup","2019","Suppressed","",
"31","Nebraska","31119","Madison","2019","29","",
"31","Nebraska","31117","McPherson","2019","0","",
"31","Nebraska","31121","Merrick","2019","11","",
"31","Nebraska","31123","Morrill","2019","12","",
"31","Nebraska","31125","Nance","2019","Suppressed","",
"31","Nebraska","31127","Nemaha","2019","12","",
"31","Nebraska","31129","Nuckolls","2019","6","",
"31","Nebraska","31131","Otoe","2019","35","",
"31","Nebraska","31133","Pawnee","2019","Suppressed","",
"31","Nebraska","31135","Perkins","2019","6","",
"31","Nebraska","31137","Phelps","2019","18","",
"31","Nebraska","31139","Pierce","2019","6","",
"31","Nebraska","31141","Platte","2019","57","",
"31","Nebraska","31143","Polk","2019","Suppressed","",
"31","Nebraska","31145","Red Willow","2019","14","",
"31","Nebraska","31147","Richardson","2019","12","",
"31","Nebraska","31149","Rock","2019","0","",
"31","Nebraska","31151","Saline","2019","22","",
"31","Nebraska","31153","Sarpy","2019","382","",
"31","Nebraska","31155","Saunders","2019","38","",
"31","Nebraska","31157","Scotts Bluff","2019","64","",
"31","Nebraska","31159","Seward","2019","25","",
"31","Nebraska","31161","Sheridan","2019","9","",
"31","Nebraska","31163","Sherman","2019","Suppressed","",
"31","Nebraska","31165","Sioux","2019","0","",
"31","Nebraska","31167","Stanton","2019","Suppressed","",
"31","Nebraska","31169","Thayer","2019","Suppressed","",
"31","Nebraska","31171","Thomas","2019","Suppressed","",
"31","Nebraska","31173","Thurston","2019","7","",
"31","Nebraska","31175","Valley","2019","Suppressed","",
"31","Nebraska","31177","Washington","2019","17","",
"31","Nebraska","31179","Wayne","2019","7","",
"31","Nebraska","31181","Webster","2019","Suppressed","",
"31","Nebraska","31183","Wheeler","2019","0","",
"31","Nebraska","31185","York","2019","17","",
"33","New Hampshire","33001","Belknap","2019","199","",
"33","New Hampshire","33003","Carroll","2019","137","",
"33","New Hampshire","33005","Cheshire","2019","172","",
"33","New Hampshire","33007","Coos","2019","124","",
"33","New Hampshire","33009","Grafton","2019","235","",
"33","New Hampshire","33011","Hillsborough","2019","1,092","",
"33","New Hampshire","33013","Merrimack","2019","506","",
"33","New Hampshire","33015","Rockingham","2019","829","",
"33","New Hampshire","33017","Strafford","2019","413","",
"33","New Hampshire","33019","Sullivan","2019","178","",
"34","New Jersey","34001","Atlantic","2019","1,679","",
"34","New Jersey","34003","Bergen","2019","2,467","",
"34","New Jersey","34005","Burlington","2019","1,833","",
"34","New Jersey","34007","Camden","2019","4,248","",
"34","New Jersey","34009","Cape May","2019","326","",
"34","New Jersey","34011","Cumberland","2019","941","",
"34","New Jersey","34013","Essex","2019","7,869","",
"34","New Jersey","34015","Gloucester","2019","843","",
"34","New Jersey","34017","Hudson","2019","3,591","",
"34","New Jersey","34019","Hunterdon","2019","156","",
"34","New Jersey","34021","Mercer","2019","2,772","",
"34","New Jersey","34023","Middlesex","2019","2,927","",
"34","New Jersey","34025","Monmouth","2019","2,447","",
"34","New Jersey","34027","Morris","2019","1,024","",
"34","New Jersey","34029","Ocean","2019","2,304","",
"34","New Jersey","34031","Passaic","2019","2,830","",
"34","New Jersey","34033","Salem","2019","206","",
"34","New Jersey","34035","Somerset","2019","676","",
"34","New Jersey","34037","Sussex","2019","282","",
"34","New Jersey","34039","Union","2019","2,771","",
"34","New Jersey","34041","Warren","2019","331","",
"35","New Mexico","35001","Bernalillo","2019","1,859","",
"35","New Mexico","35003","Catron","2019","0","",
"35","New Mexico","35005","Chaves","2019","335","",
"35","New Mexico","35006","Cibola","2019","77","",
"35","New Mexico","35007","Colfax","2019","44","",
"35","New Mexico","35009","Curry","2019","234","",
"35","New Mexico","35011","De Baca","2019","Suppressed","",
"35","New Mexico","35013","Dońa Ana","2019","520","",
"35","New Mexico","35015","Eddy","2019","288","",
"35","New Mexico","35017","Grant","2019","123","",
"35","New Mexico","35019","Guadalupe","2019","22","",
"35","New Mexico","35021","Harding","2019","Suppressed","",
"35","New Mexico","35023","Hidalgo","2019","8","",
"35","New Mexico","35025","Lea","2019","312","",
"35","New Mexico","35027","Lincoln","2019","70","",
"35","New Mexico","35028","Los Alamos","2019","31","",
"35","New Mexico","35029","Luna","2019","87","",
"35","New Mexico","35031","McKinley","2019","173","",
"35","New Mexico","35033","Mora","2019","7","",
"35","New Mexico","35035","Otero","2019","221","",
"35","New Mexico","35037","Quay","2019","51","",
"35","New Mexico","35039","Rio Arriba","2019","164","",
"35","New Mexico","35041","Roosevelt","2019","49","",
"35","New Mexico","35045","San Juan","2019","562","",
"35","New Mexico","35047","San Miguel","2019","154","",
"35","New Mexico","35043","Sandoval","2019","334","",
"35","New Mexico","35049","Santa Fe","2019","370","",
"35","New Mexico","35051","Sierra","2019","70","",
"35","New Mexico","35053","Socorro","2019","85","",
"35","New Mexico","35055","Taos","2019","84","",
"35","New Mexico","35057","Torrance","2019","33","",
"35","New Mexico","35059","Union","2019","14","",
"35","New Mexico","35061","Valencia","2019","150","",
"36","New York","36001","Albany","2019","1,638","",
"36","New York","36003","Allegany","2019","149","",
"36","New York","36005","Bronx","2019","30,788","",
"36","New York","36007","Broome","2019","833","",
"36","New York","36009","Cattaraugus","2019","220","",
"36","New York","36011","Cayuga","2019","191","",
"36","New York","36013","Chautauqua","2019","593","",
"36","New York","36015","Chemung","2019","412","",
"36","New York","36017","Chenango","2019","195","",
"36","New York","36019","Clinton","2019","279","",
"36","New York","36021","Columbia","2019","173","",
"36","New York","36023","Cortland","2019","205","",
"36","New York","36025","Delaware","2019","161","",
"36","New York","36027","Dutchess","2019","1,268","",
"36","New York","36029","Erie","2019","4,098","",
"36","New York","36031","Essex","2019","122","",
"36","New York","36033","Franklin","2019","183","",
"36","New York","36035","Fulton","2019","311","",
"36","New York","36037","Genesee","2019","115","",
"36","New York","36039","Greene","2019","137","",
"36","New York","36041","Hamilton","2019","10","",
"36","New York","36043","Herkimer","2019","132","",
"36","New York","36045","Jefferson","2019","483","",
"36","New York","36047","Kings","2019","26,594","",
"36","New York","36049","Lewis","2019","52","",
"36","New York","36051","Livingston","2019","108","",
"36","New York","36053","Madison","2019","149","",
"36","New York","36055","Monroe","2019","4,243","",
"36","New York","36057","Montgomery","2019","365","",
"36","New York","36059","Nassau","2019","4,357","",
"36","New York","36061","New York","2019","15,958","",
"36","New York","36063","Niagara","2019","840","",
"36","New York","36065","Oneida","2019","633","",
"36","New York","36067","Onondaga","2019","2,016","",
"36","New York","36069","Ontario","2019","269","",
"36","New York","36071","Orange","2019","1,818","",
"36","New York","36073","Orleans","2019","161","",
"36","New York","36075","Oswego","2019","342","",
"36","New York","36077","Otsego","2019","155","",
"36","New York","36079","Putnam","2019","251","",
"36","New York","36081","Queens","2019","14,209","",
"36","New York","36083","Rensselaer","2019","535","",
"36","New York","36085","Richmond","2019","2,976","",
"36","New York","36087","Rockland","2019","928","",
"36","New York","36091","Saratoga","2019","332","",
"36","New York","36093","Schenectady","2019","671","",
"36","New York","36095","Schoharie","2019","90","",
"36","New York","36097","Schuyler","2019","49","",
"36","New York","36099","Seneca","2019","71","",
"36","New York","36089","St. Lawrence","2019","445","",
"36","New York","36101","Steuben","2019","252","",
"36","New York","36103","Suffolk","2019","4,755","",
"36","New York","36105","Sullivan","2019","474","",
"36","New York","36107","Tioga","2019","80","",
"36","New York","36109","Tompkins","2019","179","",
"36","New York","36111","Ulster","2019","722","",
"36","New York","36113","Warren","2019","167","",
"36","New York","36115","Washington","2019","134","",
"36","New York","36117","Wayne","2019","288","",
"36","New York","36119","Westchester","2019","5,492","",
"36","New York","36121","Wyoming","2019","81","",
"36","New York","36123","Yates","2019","50","",
"41","Oregon","41001","Baker","2019","64","",
"41","Oregon","41003","Benton","2019","160","",
"41","Oregon","41005","Clackamas","2019","954","",
"41","Oregon","41007","Clatsop","2019","148","",
"41","Oregon","41009","Columbia","2019","113","",
"41","Oregon","41011","Coos","2019","306","",
"41","Oregon","41013","Crook","2019","114","",
"41","Oregon","41015","Curry","2019","49","",
"41","Oregon","41017","Deschutes","2019","417","",
"41","Oregon","41019","Douglas","2019","418","",
"41","Oregon","41021","Gilliam","2019","Suppressed","",
"41","Oregon","41023","Grant","2019","29","",
"41","Oregon","41025","Harney","2019","33","",
"41","Oregon","41027","Hood River","2019","46","",
"41","Oregon","41029","Jackson","2019","559","",
"41","Oregon","41031","Jefferson","2019","174","",
"41","Oregon","41033","Josephine","2019","257","",
"41","Oregon","41035","Klamath","2019","274","",
"41","Oregon","41037","Lake","2019","23","",
"41","Oregon","41039","Lane","2019","1,099","",
"41","Oregon","41041","Lincoln","2019","219","",
"41","Oregon","41043","Linn","2019","460","",
"41","Oregon","41045","Malheur","2019","88","",
"41","Oregon","41047","Marion","2019","957","",
"41","Oregon","41049","Morrow","2019","34","",
"41","Oregon","41051","Multnomah","2019","2,494","",
"41","Oregon","41053","Polk","2019","235","",
"41","Oregon","41055","Sherman","2019","Suppressed","",
"41","Oregon","41057","Tillamook","2019","106","",
"41","Oregon","41059","Umatilla","2019","249","",
"41","Oregon","41061","Union","2019","58","",
"41","Oregon","41063","Wallowa","2019","15","",
"41","Oregon","41065","Wasco","2019","99","",
"41","Oregon","41067","Washington","2019","1,361","",
"41","Oregon","41069","Wheeler","2019","0","",
"41","Oregon","41071","Yamhill","2019","341","",
"42","Pennsylvania","42001","Adams","2019","141","",
"42","Pennsylvania","42003","Allegheny","2019","7,021","",
"42","Pennsylvania","42005","Armstrong","2019","193","",
"42","Pennsylvania","42007","Beaver","2019","174","",
"42","Pennsylvania","42009","Bedford","2019","205","",
"42","Pennsylvania","42011","Berks","2019","1,108","",
"42","Pennsylvania","42013","Blair","2019","560","",
"42","Pennsylvania","42015","Bradford","2019","123","",
"42","Pennsylvania","42017","Bucks","2019","1,495","",
"42","Pennsylvania","42019","Butler","2019","1,088","",
"42","Pennsylvania","42021","Cambria","2019","369","",
"42","Pennsylvania","42023","Cameron","2019","Suppressed","",
"42","Pennsylvania","42025","Carbon","2019","145","",
"42","Pennsylvania","42027","Centre","2019","89","",
"42","Pennsylvania","42029","Chester","2019","660","",
"42","Pennsylvania","42031","Clarion","2019","84","",
"42","Pennsylvania","42033","Clearfield","2019","33","",
"42","Pennsylvania","42035","Clinton","2019","28","",
"42","Pennsylvania","42037","Columbia","2019","94","",
"42","Pennsylvania","42039","Crawford","2019","264","",
"42","Pennsylvania","42041","Cumberland","2019","388","",
"42","Pennsylvania","42043","Dauphin","2019","1,225","",
"42","Pennsylvania","42045","Delaware","2019","2,189","",
"42","Pennsylvania","42047","Elk","2019","Suppressed","",
"42","Pennsylvania","42049","Erie","2019","1,201","",
"42","Pennsylvania","42051","Fayette","2019","415","",
"42","Pennsylvania","42053","Forest","2019","19","",
"42","Pennsylvania","42055","Franklin","2019","24","",
"42","Pennsylvania","42057","Fulton","2019","35","",
"42","Pennsylvania","42059","Greene","2019","13","",
"42","Pennsylvania","42061","Huntingdon","2019","27","",
"42","Pennsylvania","42063","Indiana","2019","95","",
"42","Pennsylvania","42065","Jefferson","2019","72","",
"42","Pennsylvania","42067","Juniata","2019","31","",
"42","Pennsylvania","42069","Lackawanna","2019","591","",
"42","Pennsylvania","42071","Lancaster","2019","1,657","",
"42","Pennsylvania","42073","Lawrence","2019","477","",
"42","Pennsylvania","42075","Lebanon","2019","547","",
"42","Pennsylvania","42077","Lehigh","2019","2,162","",
"42","Pennsylvania","42079","Luzerne","2019","714","",
"42","Pennsylvania","42081","Lycoming","2019","77","",
"42","Pennsylvania","42083","McKean","2019","104","",
"42","Pennsylvania","42085","Mercer","2019","656","",
"42","Pennsylvania","42087","Mifflin","2019","83","",
"42","Pennsylvania","42089","Monroe","2019","571","",
"42","Pennsylvania","42091","Montgomery","2019","1,784","",
"42","Pennsylvania","42093","Montour","2019","33","",
"42","Pennsylvania","42095","Northampton","2019","947","",
"42","Pennsylvania","42097","Northumberland","2019","275","",
"42","Pennsylvania","42099","Perry","2019","81","",
"42","Pennsylvania","42101","Philadelphia","2019","18,136","",
"42","Pennsylvania","42103","Pike","2019","193","",
"42","Pennsylvania","42105","Potter","2019","43","",
"42","Pennsylvania","42107","Schuylkill","2019","229","",
"42","Pennsylvania","42109","Snyder","2019","25","",
"42","Pennsylvania","42111","Somerset","2019","143","",
"42","Pennsylvania","42113","Sullivan","2019","10","",
"42","Pennsylvania","42115","Susquehanna","2019","80","",
"42","Pennsylvania","42117","Tioga","2019","27","",
"42","Pennsylvania","42119","Union","2019","45","",
"42","Pennsylvania","42121","Venango","2019","341","",
"42","Pennsylvania","42123","Warren","2019","92","",
"42","Pennsylvania","42125","Washington","2019","340","",
"42","Pennsylvania","42127","Wayne","2019","339","",
"42","Pennsylvania","42129","Westmoreland","2019","1,060","",
"42","Pennsylvania","42131","Wyoming","2019","128","",
"42","Pennsylvania","42133","York","2019","1,000","",
"44","Rhode Island","44001","Bristol","2019","113","",
"44","Rhode Island","44003","Kent","2019","381","",
"44","Rhode Island","44005","Newport","2019","268","",
"44","Rhode Island","44007","Providence","2019","3,700","",
"44","Rhode Island","44009","Washington","2019","259","",
"45","South Carolina","45001","Abbeville","2019","98","",
"45","South Carolina","45003","Aiken","2019","391","",
"45","South Carolina","45005","Allendale","2019","69","",
"45","South Carolina","45007","Anderson","2019","493","",
"45","South Carolina","45009","Bamberg","2019","78","",
"45","South Carolina","45011","Barnwell","2019","117","",
"45","South Carolina","45013","Beaufort","2019","740","",
"45","South Carolina","45015","Berkeley","2019","1,197","",
"45","South Carolina","45017","Calhoun","2019","48","",
"45","South Carolina","45019","Charleston","2019","2,042","",
"45","South Carolina","45021","Cherokee","2019","271","",
"45","South Carolina","45023","Chester","2019","235","",
"45","South Carolina","45025","Chesterfield","2019","120","",
"45","South Carolina","45027","Clarendon","2019","207","",
"45","South Carolina","45029","Colleton","2019","339","",
"45","South Carolina","45031","Darlington","2019","374","",
"45","South Carolina","45033","Dillon","2019","309","",
"45","South Carolina","45035","Dorchester","2019","820","",
"45","South Carolina","45037","Edgefield","2019","114","",
"45","South Carolina","45039","Fairfield","2019","159","",
"45","South Carolina","45041","Florence","2019","902","",
"45","South Carolina","45043","Georgetown","2019","404","",
"45","South Carolina","45045","Greenville","2019","1,150","",
"45","South Carolina","45047","Greenwood","2019","446","",
"45","South Carolina","45049","Hampton","2019","199","",
"45","South Carolina","45051","Horry","2019","1,599","",
"45","South Carolina","45053","Jasper","2019","207","",
"45","South Carolina","45055","Kershaw","2019","342","",
"45","South Carolina","45057","Lancaster","2019","176","",
"45","South Carolina","45059","Laurens","2019","212","",
"45","South Carolina","45061","Lee","2019","119","",
"45","South Carolina","45063","Lexington","2019","465","",
"45","South Carolina","45067","Marion","2019","336","",
"45","South Carolina","45069","Marlboro","2019","116","",
"45","South Carolina","45065","McCormick","2019","33","",
"45","South Carolina","45071","Newberry","2019","221","",
"45","South Carolina","45073","Oconee","2019","137","",
"45","South Carolina","45075","Orangeburg","2019","676","",
"45","South Carolina","45077","Pickens","2019","281","",
"45","South Carolina","45079","Richland","2019","1,961","",
"45","South Carolina","45081","Saluda","2019","34","",
"45","South Carolina","45083","Spartanburg","2019","1,025","",
"45","South Carolina","45085","Sumter","2019","760","",
"45","South Carolina","45087","Union","2019","174","",
"45","South Carolina","45089","Williamsburg","2019","283","",
"45","South Carolina","45091","York","2019","655","",
"47","Tennessee","47001","Anderson","2019","190","",
"47","Tennessee","47003","Bedford","2019","195","",
"47","Tennessee","47005","Benton","2019","41","",
"47","Tennessee","47007","Bledsoe","2019","30","",
"47","Tennessee","47009","Blount","2019","350","",
"47","Tennessee","47011","Bradley","2019","356","",
"47","Tennessee","47013","Campbell","2019","90","",
"47","Tennessee","47015","Cannon","2019","44","",
"47","Tennessee","47017","Carroll","2019","82","",
"47","Tennessee","47019","Carter","2019","188","",
"47","Tennessee","47021","Cheatham","2019","175","",
"47","Tennessee","47023","Chester","2019","27","",
"47","Tennessee","47025","Claiborne","2019","70","",
"47","Tennessee","47027","Clay","2019","12","",
"47","Tennessee","47029","Cocke","2019","143","",
"47","Tennessee","47031","Coffee","2019","200","",
"47","Tennessee","47033","Crockett","2019","35","",
"47","Tennessee","47035","Cumberland","2019","152","",
"47","Tennessee","47037","Davidson","2019","4,537","",
"47","Tennessee","47039","Decatur","2019","31","",
"47","Tennessee","47041","DeKalb","2019","79","",
"47","Tennessee","47043","Dickson","2019","241","",
"47","Tennessee","47045","Dyer","2019","146","",
"47","Tennessee","47047","Fayette","2019","164","",
"47","Tennessee","47049","Fentress","2019","36","",
"47","Tennessee","47051","Franklin","2019","163","",
"47","Tennessee","47053","Gibson","2019","250","",
"47","Tennessee","47055","Giles","2019","124","",
"47","Tennessee","47057","Grainger","2019","62","",
"47","Tennessee","47059","Greene","2019","146","",
"47","Tennessee","47061","Grundy","2019","41","",
"47","Tennessee","47063","Hamblen","2019","201","",
"47","Tennessee","47065","Hamilton","2019","1,791","",
"47","Tennessee","47067","Hancock","2019","15","",
"47","Tennessee","47069","Hardeman","2019","198","",
"47","Tennessee","47071","Hardin","2019","61","",
"47","Tennessee","47073","Hawkins","2019","86","",
"47","Tennessee","47075","Haywood","2019","79","",
"47","Tennessee","47077","Henderson","2019","88","",
"47","Tennessee","47079","Henry","2019","75","",
"47","Tennessee","47081","Hickman","2019","131","",
"47","Tennessee","47083","Houston","2019","37","",
"47","Tennessee","47085","Humphreys","2019","72","",
"47","Tennessee","47087","Jackson","2019","32","",
"47","Tennessee","47089","Jefferson","2019","151","",
"47","Tennessee","47091","Johnson","2019","68","",
"47","Tennessee","47093","Knox","2019","1,194","",
"47","Tennessee","47095","Lake","2019","26","",
"47","Tennessee","47097","Lauderdale","2019","134","",
"47","Tennessee","47099","Lawrence","2019","92","",
"47","Tennessee","47101","Lewis","2019","23","",
"47","Tennessee","47103","Lincoln","2019","106","",
"47","Tennessee","47105","Loudon","2019","113","",
"47","Tennessee","47111","Macon","2019","68","",
"47","Tennessee","47113","Madison","2019","585","",
"47","Tennessee","47115","Marion","2019","103","",
"47","Tennessee","47117","Marshall","2019","239","",
"47","Tennessee","47119","Maury","2019","445","",
"47","Tennessee","47107","McMinn","2019","159","",
"47","Tennessee","47109","McNairy","2019","33","",
"47","Tennessee","47121","Meigs","2019","31","",
"47","Tennessee","47123","Monroe","2019","78","",
"47","Tennessee","47125","Montgomery","2019","915","",
"47","Tennessee","47127","Moore","2019","14","",
"47","Tennessee","47129","Morgan","2019","49","",
"47","Tennessee","47131","Obion","2019","87","",
"47","Tennessee","47133","Overton","2019","38","",
"47","Tennessee","47135","Perry","2019","12","",
"47","Tennessee","47137","Pickett","2019","Suppressed","",
"47","Tennessee","47139","Polk","2019","48","",
"47","Tennessee","47141","Putnam","2019","150","",
"47","Tennessee","47143","Rhea","2019","137","",
"47","Tennessee","47145","Roane","2019","123","",
"47","Tennessee","47147","Robertson","2019","333","",
"47","Tennessee","47149","Rutherford","2019","1,226","",
"47","Tennessee","47151","Scott","2019","24","",
"47","Tennessee","47153","Sequatchie","2019","39","",
"47","Tennessee","47155","Sevier","2019","366","",
"47","Tennessee","47157","Shelby","2019","8,753","",
"47","Tennessee","47159","Smith","2019","61","",
"47","Tennessee","47161","Stewart","2019","23","",
"47","Tennessee","47163","Sullivan","2019","323","",
"47","Tennessee","47165","Sumner","2019","766","",
"47","Tennessee","47167","Tipton","2019","301","",
"47","Tennessee","47169","Trousdale","2019","40","",
"47","Tennessee","47171","Unicoi","2019","71","",
"47","Tennessee","47173","Union","2019","59","",
"47","Tennessee","47175","Van Buren","2019","Suppressed","",
"47","Tennessee","47177","Warren","2019","127","",
"47","Tennessee","47179","Washington","2019","381","",
"47","Tennessee","47181","Wayne","2019","33","",
"47","Tennessee","47183","Weakley","2019","60","",
"47","Tennessee","47185","White","2019","75","",
"47","Tennessee","47187","Williamson","2019","395","",
"47","Tennessee","47189","Wilson","2019","339","",
"49","Utah","49001","Beaver","2019","26","",
"49","Utah","49003","Box Elder","2019","109","",
"49","Utah","49005","Cache","2019","140","",
"49","Utah","49007","Carbon","2019","59","",
"49","Utah","49009","Daggett","2019","0","",
"49","Utah","49011","Davis","2019","576","",
"49","Utah","49013","Duchesne","2019","52","",
"49","Utah","49015","Emery","2019","15","",
"49","Utah","49017","Garfield","2019","9","",
"49","Utah","49019","Grand","2019","21","",
"49","Utah","49021","Iron","2019","79","",
"49","Utah","49023","Juab","2019","24","",
"49","Utah","49025","Kane","2019","10","",
"49","Utah","49027","Millard","2019","23","",
"49","Utah","49029","Morgan","2019","14","",
"49","Utah","49031","Piute","2019","Suppressed","",
"49","Utah","49033","Rich","2019","Suppressed","",
"49","Utah","49035","Salt Lake","2019","2,620","",
"49","Utah","49037","San Juan","2019","26","",
"49","Utah","49039","Sanpete","2019","62","",
"49","Utah","49041","Sevier","2019","44","",
"49","Utah","49043","Summit","2019","37","",
"49","Utah","49045","Tooele","2019","175","",
"49","Utah","49047","Uintah","2019","175","",
"49","Utah","49049","Utah","2019","814","",
"49","Utah","49051","Wasatch","2019","66","",
"49","Utah","49053","Washington","2019","320","",
"49","Utah","49055","Wayne","2019","Suppressed","",
"49","Utah","49057","Weber","2019","669","",
"50","Vermont","50001","Addison","2019","132","",
"50","Vermont","50003","Bennington","2019","124","",
"50","Vermont","50005","Caledonia","2019","95","",
"50","Vermont","50007","Chittenden","2019","317","",
"50","Vermont","50009","Essex","2019","13","",
"50","Vermont","50011","Franklin","2019","156","",
"50","Vermont","50013","Grand Isle","2019","21","",
"50","Vermont","50015","Lamoille","2019","80","",
"50","Vermont","50017","Orange","2019","50","",
"50","Vermont","50019","Orleans","2019","118","",
"50","Vermont","50021","Rutland","2019","201","",
"50","Vermont","50023","Washington","2019","181","",
"50","Vermont","50025","Windham","2019","118","",
"50","Vermont","50027","Windsor","2019","122","",
"55","Wisconsin","55001","Adams","2019","60","",
"55","Wisconsin","55003","Ashland","2019","57","",
"55","Wisconsin","55005","Barron","2019","112","",
"55","Wisconsin","55007","Bayfield","2019","28","",
"55","Wisconsin","55009","Brown","2019","850","",
"55","Wisconsin","55011","Buffalo","2019","25","",
"55","Wisconsin","55013","Burnett","2019","33","",
"55","Wisconsin","55015","Calumet","2019","102","",
"55","Wisconsin","55017","Chippewa","2019","160","",
"55","Wisconsin","55019","Clark","2019","42","",
"55","Wisconsin","55021","Columbia","2019","162","",
"55","Wisconsin","55023","Crawford","2019","29","",
"55","Wisconsin","55025","Dane","2019","1,148","",
"55","Wisconsin","55027","Dodge","2019","251","",
"55","Wisconsin","55029","Door","2019","47","",
"55","Wisconsin","55031","Douglas","2019","125","",
"55","Wisconsin","55033","Dunn","2019","137","",
"55","Wisconsin","55035","Eau Claire","2019","266","",
"55","Wisconsin","55037","Florence","2019","0","",
"55","Wisconsin","55039","Fond du Lac","2019","256","",
"55","Wisconsin","55041","Forest","2019","23","",
"55","Wisconsin","55043","Grant","2019","119","",
"55","Wisconsin","55045","Green","2019","110","",
"55","Wisconsin","55047","Green Lake","2019","49","",
"55","Wisconsin","55049","Iowa","2019","38","",
"55","Wisconsin","55051","Iron","2019","Suppressed","",
"55","Wisconsin","55053","Jackson","2019","49","",
"55","Wisconsin","55055","Jefferson","2019","247","",
"55","Wisconsin","55057","Juneau","2019","112","",
"55","Wisconsin","55059","Kenosha","2019","920","",
"55","Wisconsin","55061","Kewaunee","2019","35","",
"55","Wisconsin","55063","La Crosse","2019","226","",
"55","Wisconsin","55065","Lafayette","2019","30","",
"55","Wisconsin","55067","Langlade","2019","56","",
"55","Wisconsin","55069","Lincoln","2019","72","",
"55","Wisconsin","55071","Manitowoc","2019","203","",
"55","Wisconsin","55073","Marathon","2019","245","",
"55","Wisconsin","55075","Marinette","2019","116","",
"55","Wisconsin","55077","Marquette","2019","42","",
"55","Wisconsin","55078","Menominee","2019","Suppressed","",
"55","Wisconsin","55079","Milwaukee","2019","7,607","",
"55","Wisconsin","55081","Monroe","2019","100","",
"55","Wisconsin","55083","Oconto","2019","59","",
"55","Wisconsin","55085","Oneida","2019","93","",
"55","Wisconsin","55087","Outagamie","2019","399","",
"55","Wisconsin","55089","Ozaukee","2019","106","",
"55","Wisconsin","55091","Pepin","2019","20","",
"55","Wisconsin","55093","Pierce","2019","104","",
"55","Wisconsin","55095","Polk","2019","87","",
"55","Wisconsin","55097","Portage","2019","165","",
"55","Wisconsin","55099","Price","2019","30","",
"55","Wisconsin","55101","Racine","2019","1,030","",
"55","Wisconsin","55103","Richland","2019","49","",
"55","Wisconsin","55105","Rock","2019","747","",
"55","Wisconsin","55107","Rusk","2019","43","",
"55","Wisconsin","55111","Sauk","2019","135","",
"55","Wisconsin","55113","Sawyer","2019","36","",
"55","Wisconsin","55115","Shawano","2019","80","",
"55","Wisconsin","55117","Sheboygan","2019","285","",
"55","Wisconsin","55109","St. Croix","2019","134","",
"55","Wisconsin","55119","Taylor","2019","42","",
"55","Wisconsin","55121","Trempealeau","2019","59","",
"55","Wisconsin","55123","Vernon","2019","62","",
"55","Wisconsin","55125","Vilas","2019","40","",
"55","Wisconsin","55127","Walworth","2019","234","",
"55","Wisconsin","55129","Washburn","2019","45","",
"55","Wisconsin","55131","Washington","2019","184","",
"55","Wisconsin","55133","Waukesha","2019","732","",
"55","Wisconsin","55135","Waupaca","2019","181","",
"55","Wisconsin","55137","Waushara","2019","59","",
"55","Wisconsin","55139","Winnebago","2019","443","",
"55","Wisconsin","55141","Wood","2019","176","",
